C0/date,C0/min,C0/max,C0/mean,C0/stDev,C0/sampleCount,C0/noDataCount,C0/median,C0/p10,C0/p90
2019-10-14T00:00:00.000Z,-22.467493057250977,8.723971366882324,-11.62076134675426,6.897436353735698,1395,0,-10.510059356689453,-20.80977439880371,-3.0123777389526367
2019-10-15T00:00:00.000Z,-29.369436264038086,9.65225887298584,-13.424280623851285,6.946393349559533,1395,0,-10.952874183654785,-24.02724266052246,-6.182651996612549
2019-10-21T00:00:00.000Z,-58.31357192993164,1.4002195596694946,-14.732212356696934,8.881104045103013,1395,0,-10.91119384765625,-28.401159286499023,-6.248243808746338
2019-10-26T00:00:00.000Z,-34.5202751159668,8.817445755004883,-13.891166679381577,10.254096653662952,1395,0,-10.231603622436523,-29.52857780456543,-3.0872769355773926
2019-10-27T00:00:00.000Z,-32.637916564941406,4.181539058685303,-14.073937305583742,8.104825782791552,1395,0,-10.703100204467773,-27.029027938842773,-6.046682834625244
2019-11-07T00:00:00.000Z,-24.036272048950195,9.879562377929688,-11.673401579538549,7.051873608759978,1395,0,-10.508625984191895,-20.92892074584961,-2.8700315952301025
2019-11-08T00:00:00.000Z,-37.176673889160156,1.105336308479309,-14.627328482899122,8.865102247389407,1395,0,-10.75614070892334,-28.60716438293457,-6.22849178314209
2019-11-19T00:00:00.000Z,-36.65138244628906,6.764678478240967,-13.50801922653311,9.708327564359207,1395,0,-10.46450424194336,-27.744577407836914,-2.608544111251831
2019-11-20T00:00:00.000Z,-21.668556213378906,4.102299213409424,-10.668579707729968,5.867718525598763,1395,0,-8.946817398071289,-19.404632568359375,-4.252133369445801
2019-11-26T00:00:00.000Z,-30.112836837768555,3.3415472507476807,-12.674896289798092,6.861721505820556,1395,0,-10.315868377685547,-23.3377685546875,-5.627747535705566
2019-12-01T00:00:00.000Z,-25.315685272216797,9.076692581176758,-10.102951134914886,7.4750104054015205,1395,0,-8.70075511932373,-20.36519432067871,-0.6729292869567871
2019-12-02T00:00:00.000Z,-30.116132736206055,3.6122422218322754,-12.882222633621923,7.92098543800353,1395,0,-9.778709411621094,-25.56577491760254,-5.069452285766602
2019-12-08T00:00:00.000Z,-29.923171997070312,4.4869384765625,-12.325509287732023,8.003224264805649,1395,0,-9.22356128692627,-25.175752639770508,-4.4113078117370605
2019-12-13T00:00:00.000Z,-33.060890197753906,8.884902000427246,-12.18196821470935,9.503690814539263,1395,0,-9.20142936706543,-27.647050857543945,-1.5786858797073364
2019-12-14T00:00:00.000Z,-34.50053024291992,1.2088215351104736,-13.465048031949545,8.639603023452995,1395,0,-9.977190017700195,-27.089908599853516,-5.297583103179932
2019-12-20T00:00:00.000Z,-33.502777099609375,2.3208744525909424,-14.094055374548864,8.354880717282235,1395,0,-10.628474235534668,-27.742433547973633,-5.863183975219727
2019-12-25T00:00:00.000Z,-20.51470375061035,9.024984359741211,-9.794946273700708,6.628143817216182,1395,0,-8.894383430480957,-18.441511154174805,-1.5709686279296875
2019-12-26T00:00:00.000Z,-13.628449440002441,4.48775053024292,-7.908979094120607,3.6944004367117644,1395,0,-8.451776504516602,-12.122269630432129,-2.5020411014556885
2020-01-01T00:00:00.000Z,-28.582382202148438,4.0731940269470215,-12.52466506507501,6.739362087581961,1395,0,-10.273551940917969,-22.82276725769043,-5.471776962280273
2020-01-06T00:00:00.000Z,-30.204864501953125,8.884918212890625,-11.449392678751542,7.448676911095783,1395,0,-9.82931900024414,-21.2495174407959,-2.491136312484741
2020-01-07T00:00:00.000Z,-29.001914978027344,1.9921188354492188,-13.278830666845423,7.244834461235296,1395,0,-10.491019248962402,-24.63568115234375,-5.916250705718994
2020-01-13T00:00:00.000Z,-31.32049560546875,2.847092866897583,-13.290681803205096,7.42509653029227,1395,0,-10.63581657409668,-24.87873649597168,-5.762622833251953
2020-01-18T00:00:00.000Z,-22.442914962768555,8.377284049987793,-10.20247232799677,5.766649688697616,1395,0,-9.941203117370605,-16.955350875854492,-2.4235999584198
2020-01-19T00:00:00.000Z,-31.319061279296875,4.055577278137207,-13.572985417206233,7.556968159992926,1395,0,-10.727668762207031,-25.631093978881836,-6.001032829284668
2020-01-25T00:00:00.000Z,-35.97461700439453,2.859546422958374,-13.715311083945313,8.085679899010428,1395,0,-10.471272468566895,-26.33017349243164,-5.807272911071777
2020-01-30T00:00:00.000Z,-27.73250961303711,8.590507507324219,-11.628812169241556,7.45347735063833,1395,0,-10.050140380859375,-22.076627731323242,-2.4682178497314453
2020-01-31T00:00:00.000Z,-36.24116516113281,4.001283645629883,-13.83362713801178,8.352871862324715,1395,0,-10.442699432373047,-27.07587432861328,-5.856418132781982
2020-02-06T00:00:00.000Z,-31.246627807617188,3.658705472946167,-13.501092091950461,6.883158109515996,1395,0,-11.153512954711914,-23.77805519104004,-6.226256370544434
2020-02-11T00:00:00.000Z,-22.769359588623047,7.962629318237305,-10.056711076470485,6.904660612113994,1395,0,-9.06728744506836,-19.134937286376953,-0.9097752571105957
2020-02-12T00:00:00.000Z,-35.22745132446289,1.05716073513031,-13.329564483228747,7.69706648011187,1395,0,-10.424702644348145,-25.727558135986328,-5.647593975067139
2020-02-18T00:00:00.000Z,-32.1134033203125,2.989351272583008,-13.717628146553121,7.613970226749073,1395,0,-10.760780334472656,-25.304819107055664,-6.088581085205078
2020-02-23T00:00:00.000Z,-20.963945388793945,8.785924911499023,-10.613963263196807,6.721318959272813,1395,0,-9.566548347473145,-19.612096786499023,-1.6540887355804443
2020-02-24T00:00:00.000Z,-26.716867446899414,3.0509631633758545,-12.937491867768694,6.621040980149129,1395,0,-10.71781063079834,-22.57023048400879,-5.981649875640869
2020-03-01T00:00:00.000Z,-35.69449996948242,5.458432197570801,-13.56284649183033,7.178713420804073,1395,0,-10.936922073364258,-23.569578170776367,-6.224362850189209
2020-03-06T00:00:00.000Z,-22.195571899414062,8.761055946350098,-11.186195393819977,6.830360747381451,1395,0,-9.99409008026123,-20.2865047454834,-2.341691017150879
2020-03-07T00:00:00.000Z,-22.279891967773438,3.094376564025879,-12.249937603593326,5.662613728134025,1395,0,-10.52967357635498,-20.66745376586914,-5.919412612915039
2020-03-13T00:00:00.000Z,-26.884899139404297,6.39733362197876,-11.587764453922658,6.678529334741559,1395,0,-9.367183685302734,-21.605159759521484,-4.638940811157227
2020-03-18T00:00:00.000Z,-25.948062896728516,7.248957633972168,-10.847197366634038,7.773514353989712,1395,0,-8.913351058959961,-21.665063858032227,-1.4347386360168457
2020-03-19T00:00:00.000Z,-23.13002586364746,3.6735572814941406,-10.438525836606345,5.903887047552595,1395,0,-8.810306549072266,-19.228961944580078,-3.7376692295074463
2020-03-25T00:00:00.000Z,-31.80364990234375,10.362523078918457,-13.18341174426899,7.369321762869602,1395,0,-10.455727577209473,-24.154951095581055,-5.95633602142334
2020-03-31T00:00:00.000Z,-37.6769905090332,11.763812065124512,-13.716871660664724,8.359811008414944,1395,0,-10.289779663085938,-26.7490234375,-6.05437707901001
2020-04-06T00:00:00.000Z,-23.46730613708496,10.853687286376953,-10.948691597463407,5.677498589197065,1395,0,-9.121068000793457,-19.217580795288086,-4.659916400909424
2020-04-11T00:00:00.000Z,-21.766279220581055,12.654565811157227,-9.156571483320974,7.728686279792661,1395,0,-7.942823886871338,-19.936614990234375,0.8884401321411133
2020-04-12T00:00:00.000Z,-25.654006958007812,8.905619621276855,-11.615189544845872,6.395574024772902,1395,0,-9.542584419250488,-21.54537010192871,-5.046804428100586
2020-04-18T00:00:00.000Z,-35.100074768066406,5.6036787033081055,-13.618375673281243,7.904214590278812,1395,0,-10.443575859069824,-25.74297332763672,-6.07925271987915
2020-04-23T00:00:00.000Z,-24.989269256591797,8.430933952331543,-10.660784032201157,6.194280109321189,1395,0,-9.824529647827148,-18.993572235107422,-2.977595806121826
2020-04-30T00:00:00.000Z,-32.51264190673828,5.045617580413818,-13.922707923125191,8.318057775572258,1395,0,-10.47649097442627,-27.376157760620117,-6.0738525390625
2020-05-05T00:00:00.000Z,-22.919649124145508,8.45646858215332,-11.272956374386414,6.761405266805215,1395,0,-9.989179611206055,-20.53610610961914,-3.1400396823883057
2020-05-06T00:00:00.000Z,-35.03462219238281,6.1566338539123535,-13.917298756384946,8.434339733429972,1395,0,-10.211503028869629,-26.970413208007812,-6.180758953094482
2020-05-12T00:00:00.000Z,-37.18998718261719,1.4808443784713745,-14.374655073667531,9.019403573672331,1395,0,-10.36666488647461,-28.683258056640625,-5.937638282775879
2020-05-17T00:00:00.000Z,-33.286067962646484,9.103154182434082,-12.794689672173238,9.310974924798296,1395,0,-9.763463973999023,-27.19997787475586,-2.926414966583252
2020-05-18T00:00:00.000Z,-26.827417373657227,4.835274696350098,-12.357904596407776,6.171202398504039,1395,0,-10.2395658493042,-21.663667678833008,-6.003566741943359
2020-05-29T00:00:00.000Z,-32.77999496459961,8.848755836486816,-12.66849688383247,9.125789106363744,1395,0,-9.789298057556152,-26.02808952331543,-2.419423818588257
2020-05-30T00:00:00.000Z,-29.682973861694336,4.812938213348389,-13.690075926397226,7.9164513360358315,1395,0,-10.48601245880127,-26.189199447631836,-5.919131755828857
2020-06-05T00:00:00.000Z,-29.831756591796875,4.319485664367676,-13.294938652292162,7.349873389213868,1395,0,-10.40860652923584,-24.859451293945312,-5.930121898651123
2020-06-10T00:00:00.000Z,-28.5907039642334,8.780592918395996,-12.269282113042687,8.836185455428923,1395,0,-9.470699310302734,-25.77433204650879,-2.7620887756347656
2020-06-11T00:00:00.000Z,-36.55303955078125,6.285918235778809,-14.021812484811264,8.835719229018432,1395,0,-10.152440071105957,-27.395273208618164,-5.745760917663574
2020-06-17T00:00:00.000Z,-23.0611572265625,8.862092971801758,-12.488441662482016,6.128436908630493,1395,0,-10.547649383544922,-21.596284866333008,-5.810163974761963
2020-06-22T00:00:00.000Z,-20.633806228637695,8.42403507232666,-10.729344966259925,6.418595106831381,1395,0,-9.821626663208008,-19.163087844848633,-2.649909496307373
2020-06-23T00:00:00.000Z,-31.93858528137207,2.507075548171997,-13.388197971469177,7.530000421473037,1395,0,-10.452054023742676,-25.3955078125,-5.88909912109375
2020-06-29T00:00:00.000Z,-24.59398078918457,3.3834733963012695,-12.933101593187617,6.488749338528696,1395,0,-10.595229148864746,-22.825393676757812,-6.029226779937744
2020-07-04T00:00:00.000Z,-19.242509841918945,9.370427131652832,-10.335824787846061,5.992015596426737,1395,0,-9.73612117767334,-18.071374893188477,-2.3246147632598877
2020-07-05T00:00:00.000Z,-39.264373779296875,5.987883567810059,-14.20005462352306,8.775923604765087,1395,0,-10.434321403503418,-27.873178482055664,-5.967323303222656
2020-07-11T00:00:00.000Z,-31.572927474975586,9.544513702392578,-13.780948779147149,8.08608335907561,1395,0,-10.457014083862305,-26.97808265686035,-5.9791412353515625
2020-07-16T00:00:00.000Z,-18.879613876342773,8.861391067504883,-10.30808379786977,5.889711645886466,1395,0,-9.789593696594238,-17.768177032470703,-2.9558980464935303
2020-07-17T00:00:00.000Z,-32.07374572753906,7.768533229827881,-13.551752475098326,7.84390754762871,1395,0,-10.44970417022705,-25.730937957763672,-5.885967254638672
2020-07-23T00:00:00.000Z,-31.890377044677734,16.057931900024414,-13.657573054063281,8.025463612265641,1395,0,-10.650737762451172,-26.520261764526367,-5.854625225067139
2020-07-28T00:00:00.000Z,-20.433483123779297,8.642321586608887,-10.447637188608187,5.992143568301098,1395,0,-9.900123596191406,-18.16609001159668,-2.506436824798584
2020-07-29T00:00:00.000Z,-25.381019592285156,5.023248195648193,-12.09038858853788,5.285836334155308,1395,0,-10.66918659210205,-19.27044677734375,-5.990416526794434
2020-08-09T00:00:00.000Z,-20.422855377197266,8.805174827575684,-10.474148189454704,6.146701852747003,1395,0,-9.759400367736816,-18.443910598754883,-2.3210864067077637
2020-08-10T00:00:00.000Z,-30.192296981811523,9.23391056060791,-12.844084362060796,6.6483501282175785,1395,0,-10.616194725036621,-22.61988639831543,-5.975113868713379
2020-08-16T00:00:00.000Z,-29.163869857788086,4.118684768676758,-12.65632191548746,6.3273499506473945,1395,0,-10.65247631072998,-21.69052505493164,-5.907897472381592
2020-08-21T00:00:00.000Z,-31.19281578063965,7.484460353851318,-12.243497962221902,8.62355111744793,1395,0,-9.798990249633789,-25.39271354675293,-2.159381628036499
2020-08-22T00:00:00.000Z,-41.903282165527344,3.2512729167938232,-14.460704553308899,9.126548756673014,1395,0,-10.476370811462402,-28.256610870361328,-5.959383010864258
2020-08-28T00:00:00.000Z,-28.07452964782715,8.32942008972168,-12.932256050220946,6.61924048233702,1395,0,-10.724821090698242,-23.68468475341797,-6.131965637207031
2020-09-02T00:00:00.000Z,-20.5978946685791,9.127717971801758,-10.348708923381343,6.001642986119658,1395,0,-9.843606948852539,-18.027048110961914,-3.0207407474517822
2020-09-03T00:00:00.000Z,-36.35796356201172,5.09316873550415,-14.127755928466822,8.421319758075454,1395,0,-10.798282623291016,-27.04286766052246,-6.131095886230469
2020-09-09T00:00:00.000Z,-41.21995544433594,3.332458019256592,-14.313360124990327,8.627423663791772,1395,0,-10.760021209716797,-27.94626235961914,-5.962037563323975
2020-09-14T00:00:00.000Z,-27.57313346862793,9.111076354980469,-11.525801240562,7.546920963130172,1395,0,-9.855337142944336,-22.42652702331543,-2.6081769466400146
2020-09-15T00:00:00.000Z,-36.93062210083008,6.670720100402832,-14.299737097210773,8.604576455483599,1395,0,-10.669034004211426,-27.505983352661133,-6.092331886291504
2020-09-21T00:00:00.000Z,-41.746604919433594,8.979766845703125,-14.393431098988852,8.97718811871694,1395,0,-10.699042320251465,-28.715059280395508,-5.92750358581543
2020-09-26T00:00:00.000Z,-29.303836822509766,8.559233665466309,-11.979983588706,8.420748468696365,1395,0,-9.834452629089355,-24.32308006286621,-2.0642192363739014
2020-09-27T00:00:00.000Z,-37.605010986328125,6.108400821685791,-14.137531593644923,8.456831232150732,1395,0,-10.81962776184082,-27.20000457763672,-6.052610874176025
2020-10-08T00:00:00.000Z,-21.007848739624023,8.07204532623291,-10.665337450548638,6.610527339257699,1395,0,-9.74299144744873,-19.64212417602539,-1.8409382104873657
2020-10-09T00:00:00.000Z,-30.1694278717041,7.598617076873779,-13.577788809924572,7.565568678204198,1395,0,-10.747173309326172,-25.468395233154297,-6.0237836837768555
2020-10-15T00:00:00.000Z,-29.92388916015625,2.9401822090148926,-13.6255518932443,7.836826650994494,1395,0,-10.429603576660156,-26.354385375976562,-5.812335014343262
2020-10-20T00:00:00.000Z,-22.765323638916016,9.110366821289062,-10.832070787619507,6.478589696212726,1395,0,-9.958524703979492,-19.103031158447266,-2.8784852027893066
2020-10-21T00:00:00.000Z,-28.264986038208008,2.3112194538116455,-13.04680874106276,6.654134186304486,1395,0,-10.785654067993164,-22.961132049560547,-5.949726581573486
2020-10-27T00:00:00.000Z,-28.78103256225586,9.032447814941406,-13.271285140845496,7.240354146545062,1395,0,-10.606255531311035,-24.323728561401367,-5.804944038391113
2020-11-01T00:00:00.000Z,-31.267499923706055,15.003336906433105,-12.625478185059016,9.368999571431491,1395,0,-9.843082427978516,-27.291250228881836,-2.6833393573760986
2020-11-02T00:00:00.000Z,-38.663761138916016,7.353673934936523,-14.156162015319312,8.573335166705704,1395,0,-10.63945484161377,-26.926305770874023,-6.0125298500061035
2020-11-08T00:00:00.000Z,-25.94734764099121,7.122838497161865,-11.470748707961867,6.153912896359628,1395,0,-9.73819351196289,-20.57442283630371,-4.533523082733154
2020-11-13T00:00:00.000Z,-27.69512939453125,9.128059387207031,-12.062908064503155,7.957341136543206,1395,0,-10.389686584472656,-23.449493408203125,-2.6143386363983154
2020-11-14T00:00:00.000Z,-29.844894409179688,7.10001277923584,-13.615593684018732,7.08464882656398,1395,0,-11.20236587524414,-24.542469024658203,-6.200441837310791
2020-11-25T00:00:00.000Z,-32.964420318603516,9.145979881286621,-13.573055021733891,10.091865825745064,1395,0,-10.300162315368652,-28.974807739257812,-2.5587923526763916
2020-11-26T00:00:00.000Z,-28.435867309570312,7.317878246307373,-12.413997132076108,6.627710173731343,1395,0,-10.309882164001465,-22.70561408996582,-5.425661087036133
2020-12-02T00:00:00.000Z,-41.07209396362305,6.033304691314697,-14.369978680250675,8.74308829281327,1395,0,-10.785493850708008,-28.233686447143555,-5.856266498565674
2020-12-07T00:00:00.000Z,-28.60912322998047,10.496416091918945,-12.316684303588934,8.6011996704418,1395,0,-10.01474666595459,-25.134794235229492,-2.1009864807128906
2020-12-08T00:00:00.000Z,-27.525358200073242,9.632200241088867,-13.332086662344613,7.148400350959503,1395,0,-10.743963241577148,-24.45077896118164,-6.0229105949401855
2020-12-14T00:00:00.000Z,-29.5367374420166,6.215314865112305,-13.297050473335641,7.056445037558672,1395,0,-10.848542213439941,-24.192594528198242,-5.937986373901367
2020-12-19T00:00:00.000Z,-29.17829132080078,7.7825446128845215,-12.27488539938326,8.771271456555459,1395,0,-10.12366008758545,-25.231658935546875,-1.6511119604110718
2020-12-20T00:00:00.000Z,-27.37877082824707,2.7727975845336914,-13.114839837558602,6.7455783094905595,1395,0,-10.845341682434082,-23.825519561767578,-5.965539932250977
2020-12-26T00:00:00.000Z,-40.2227897644043,5.894262313842773,-14.662012463882835,9.106780818761566,1395,0,-10.810589790344238,-29.06157875061035,-5.900985240936279
2020-12-31T00:00:00.000Z,-21.234621047973633,9.23520565032959,-10.043561266816633,6.324547781653928,1395,0,-9.560233116149902,-18.04351234436035,-1.5973163843154907
2021-01-01T00:00:00.000Z,-27.47328758239746,2.361055612564087,-12.279052772551887,6.63513009318974,1395,0,-10.217354774475098,-22.47351837158203,-5.221888065338135
2021-01-07T00:00:00.000Z,-30.767141342163086,4.120492935180664,-13.550798124416751,7.194658574821101,1395,0,-10.922385215759277,-24.36382484436035,-6.029722213745117
2021-01-12T00:00:00.000Z,-32.8431396484375,9.175760269165039,-13.574327241312258,10.02133769724365,1395,0,-10.281721115112305,-28.93355941772461,-2.8624119758605957
2021-01-13T00:00:00.000Z,-37.31733703613281,5.434842109680176,-14.46314412751717,8.522560195024406,1395,0,-10.98000717163086,-27.51594352722168,-6.071275234222412
2021-01-19T00:00:00.000Z,-30.687942504882812,2.845829963684082,-13.396831579180613,7.039919243354086,1395,0,-10.931142807006836,-23.5833740234375,-6.0027265548706055
2021-01-24T00:00:00.000Z,-30.714290618896484,11.725476264953613,-10.628392043652333,9.815556681355627,1395,0,-7.90442419052124,-26.076749801635742,0.09982859343290329
2021-01-25T00:00:00.000Z,-13.968997955322266,5.378897666931152,-7.089665214475045,2.9426818219774638,1395,0,-8.283482551574707,-9.75898551940918,-2.645963191986084
2021-01-31T00:00:00.000Z,-31.76241111755371,7.0856475830078125,-12.977925000232942,8.631078906365849,1395,0,-9.496902465820312,-26.961240768432617,-4.612054347991943
2021-02-05T00:00:00.000Z,-26.417875289916992,9.247129440307617,-11.224359973383853,7.761639116929328,1395,0,-9.551177978515625,-21.97983169555664,-1.7012786865234375
2021-02-06T00:00:00.000Z,-37.002506256103516,3.6638872623443604,-13.71230812791775,8.13142560028588,1395,0,-10.549696922302246,-26.393449783325195,-5.718156814575195
2021-02-17T00:00:00.000Z,-18.012405395507812,8.305312156677246,-9.900625008526227,5.96358584133415,1395,0,-9.589595794677734,-17.31061553955078,-1.4179033041000366
2021-02-18T00:00:00.000Z,-26.897573471069336,1.355289340019226,-12.098911356947346,5.307106032932884,1395,0,-10.824724197387695,-19.89650535583496,-5.910949230194092
2021-02-24T00:00:00.000Z,-28.99529457092285,4.507758140563965,-12.947431978839711,6.444773586564854,1395,0,-10.841471672058105,-22.98996925354004,-6.036228656768799
2021-03-01T00:00:00.000Z,-29.45785903930664,8.357773780822754,-12.443601714208137,8.682480539839398,1395,0,-10.061018943786621,-26.103517532348633,-2.2896487712860107
2021-03-02T00:00:00.000Z,-31.139644622802734,8.94098949432373,-13.193959048892443,7.647173243399916,1395,0,-10.264688491821289,-25.416067123413086,-5.428687572479248
2021-03-08T00:00:00.000Z,-26.26140785217285,8.826452255249023,-12.376602018093122,5.927262641545099,1395,0,-10.70985221862793,-21.140108108520508,-5.73701286315918
2021-03-13T00:00:00.000Z,-19.135435104370117,9.049811363220215,-9.840774136679197,6.204213098679841,1395,0,-9.453947067260742,-17.754615783691406,-1.2484534978866577
2021-03-14T00:00:00.000Z,-27.499353408813477,6.20192813873291,-12.479390153075201,6.680181638770749,1395,0,-10.371909141540527,-22.494970321655273,-5.344977855682373
2021-03-20T00:00:00.000Z,-29.48400115966797,6.176526069641113,-13.408406784799363,7.315672060517753,1395,0,-10.635578155517578,-24.59433364868164,-5.876087188720703
2021-03-25T00:00:00.000Z,-23.325414657592773,8.860478401184082,-11.130020565691806,6.839750694133706,1395,0,-10.049481391906738,-20.333467483520508,-2.230454921722412
2021-03-26T00:00:00.000Z,-23.175392150878906,7.936066627502441,-10.446703197548032,5.596083206876822,1395,0,-9.023436546325684,-19.374265670776367,-4.057798385620117
2021-04-01T00:00:00.000Z,-48.957847595214844,1.4151480197906494,-14.236888723892537,8.850699781475983,1395,0,-10.395705223083496,-29.000446319580078,-5.950301647186279
2021-04-06T00:00:00.000Z,-20.733978271484375,9.044087409973145,-10.468517194565479,6.138885672802854,1395,0,-9.893150329589844,-18.41069984436035,-2.088704824447632
2021-04-07T00:00:00.000Z,-25.906044006347656,10.46440601348877,-13.181098346107737,6.661902301547124,1395,0,-10.854952812194824,-23.227081298828125,-6.2357072830200195
2021-04-13T00:00:00.000Z,-21.821500778198242,15.626758575439453,-11.30986914940206,4.341207924206861,1395,0,-10.754390716552734,-17.128679275512695,-6.0132551193237305
2021-04-18T00:00:00.000Z,-21.28468132019043,9.002155303955078,-11.066972199700595,6.714588520473427,1395,0,-10.099177360534668,-20.208293914794922,-2.6012234687805176
2021-04-19T00:00:00.000Z,-32.92840576171875,6.8406476974487305,-13.75572468483533,8.04654671429396,1395,0,-10.493090629577637,-26.35308265686035,-5.81669282913208
2021-04-25T00:00:00.000Z,-35.02464294433594,7.894280910491943,-14.033475490923877,8.117154062795409,1395,0,-10.92536449432373,-26.84440803527832,-6.170228481292725
2021-04-30T00:00:00.000Z,-29.60888671875,13.258907318115234,-11.872541558245834,8.117958287627207,1395,0,-9.839620590209961,-23.41707992553711,-2.3447887897491455
2021-05-01T00:00:00.000Z,-34.010520935058594,23.85515785217285,-13.64107725295544,7.925173060683343,1395,0,-10.614483833312988,-26.0738525390625,-5.799401760101318
2021-05-07T00:00:00.000Z,-32.46833038330078,6.97585916519165,-14.09563138638506,8.19597058635673,1395,0,-10.848968505859375,-27.15988540649414,-5.995757102966309
2021-05-12T00:00:00.000Z,-23.89594268798828,8.898187637329102,-11.643719995132628,7.49451407754797,1395,0,-10.110990524291992,-22.037240982055664,-2.678532123565674
2021-05-13T00:00:00.000Z,-27.565959930419922,5.5849690437316895,-13.174965349886604,6.975153826500716,1395,0,-10.651928901672363,-24.201513290405273,-5.983964920043945
2021-05-19T00:00:00.000Z,-30.73294448852539,6.8878889083862305,-13.286155340321187,7.070996117278557,1395,0,-10.797099113464355,-24.207887649536133,-6.039099216461182
2021-05-24T00:00:00.000Z,-22.994346618652344,8.824272155761719,-10.930498845132876,6.461407577848815,1395,0,-10.115928649902344,-19.465747833251953,-2.9108633995056152
2021-05-25T00:00:00.000Z,-40.846336364746094,8.312005043029785,-14.440669163623586,9.011773249780779,1395,0,-10.498254776000977,-27.877140045166016,-5.981142044067383
2021-06-05T00:00:00.000Z,-30.749134063720703,13.643753051757812,-12.542814045914831,8.857285323186906,1395,0,-10.01156234741211,-25.330097198486328,-2.3410322666168213
2021-06-06T00:00:00.000Z,-35.74724197387695,0.9981557130813599,-14.104130120612812,8.409083471844527,1395,0,-10.65839958190918,-26.781614303588867,-5.952678203582764
2021-06-17T00:00:00.000Z,-24.302066802978516,8.897896766662598,-11.109180706605937,6.9079746783785225,1395,0,-9.87230110168457,-20.67681121826172,-2.4101743698120117
2021-06-18T00:00:00.000Z,-29.945297241210938,3.4044203758239746,-13.197757074589365,6.987299315131343,1395,0,-10.727850914001465,-23.58026885986328,-6.021867275238037
2021-06-24T00:00:00.000Z,-27.051315307617188,3.1306681632995605,-12.171205036780089,5.482996370956217,1395,0,-10.71232795715332,-19.788799285888672,-5.927059650421143
2021-06-29T00:00:00.000Z,-23.36372184753418,9.330466270446777,-11.390378393789616,7.159390323067086,1395,0,-10.02852725982666,-21.079355239868164,-2.9986751079559326
2021-06-30T00:00:00.000Z,-41.2696533203125,10.633039474487305,-14.150217391027134,8.57846346848768,1395,0,-10.650224685668945,-27.55170249938965,-5.877202987670898
2021-07-06T00:00:00.000Z,-30.34598731994629,3.495738983154297,-13.389853189538458,7.203322906931124,1395,0,-10.72016716003418,-24.91050910949707,-5.894237995147705
2021-07-11T00:00:00.000Z,-20.90729522705078,8.940973281860352,-10.991240686592116,6.822227313266261,1395,0,-9.796621322631836,-20.085262298583984,-2.5536587238311768
2021-07-12T00:00:00.000Z,-40.617706298828125,3.2022860050201416,-13.67880089586354,7.833681352645702,1395,0,-10.575175285339355,-25.592491149902344,-5.9568681716918945
2021-07-18T00:00:00.000Z,-30.13374137878418,6.138177394866943,-13.539212916620366,8.011546753754011,1395,0,-10.43410587310791,-26.232437133789062,-5.459916114807129
2021-07-23T00:00:00.000Z,-26.834693908691406,9.464000701904297,-11.26504560900871,7.236567350980745,1395,0,-9.840932846069336,-21.095983505249023,-2.5428566932678223
2021-07-24T00:00:00.000Z,-37.720489501953125,1.133518934249878,-14.031008296670873,8.239131936879662,1395,0,-10.669766426086426,-26.77655601501465,-5.978424549102783
2021-07-30T00:00:00.000Z,-28.591665267944336,13.188921928405762,-12.756278492771997,6.401649153278334,1395,0,-10.699769020080566,-22.474058151245117,-5.985885143280029
2021-08-04T00:00:00.000Z,-25.64505386352539,9.008410453796387,-10.841891251463016,6.6555258688386,1395,0,-9.787625312805176,-19.54869270324707,-2.607983112335205
2021-08-05T00:00:00.000Z,-26.94213104248047,4.778497695922852,-12.971719824562797,6.753407775801797,1395,0,-10.60826301574707,-23.283119201660156,-5.919962406158447
2021-08-17T00:00:00.000Z,-34.2759895324707,2.610093593597412,-14.057750595021828,8.191737437176455,1395,0,-10.693119049072266,-26.496644973754883,-6.074714183807373
2021-08-23T00:00:00.000Z,-35.94377517700195,3.987945318222046,-14.448693846171457,8.922624768468642,1395,0,-10.774572372436523,-28.647966384887695,-5.814646244049072
2021-08-28T00:00:00.000Z,-26.292491912841797,9.098886489868164,-10.89374646814307,6.799689558072296,1395,0,-9.765730857849121,-19.746868133544922,-2.4123289585113525
2021-08-29T00:00:00.000Z,-37.23607635498047,4.5239129066467285,-13.964050363639775,8.124166582749732,1395,0,-10.771322250366211,-26.368412017822266,-6.0742082595825195
2021-09-09T00:00:00.000Z,-33.088687896728516,7.874177932739258,-12.933510018162782,9.595066731869835,1395,0,-9.951525688171387,-28.25222396850586,-2.660344362258911
2021-09-10T00:00:00.000Z,-32.80708312988281,9.473174095153809,-13.653459681127226,7.5846360452400265,1395,0,-10.831171989440918,-25.639646530151367,-6.087861061096191
2021-09-16T00:00:00.000Z,-30.434226989746094,3.0517935752868652,-12.384795391388607,5.756719720029724,1395,0,-10.819136619567871,-20.86711311340332,-5.707482814788818
2021-09-21T00:00:00.000Z,-34.696163177490234,9.111083030700684,-12.279009394864397,8.569037690247342,1395,0,-9.998137474060059,-23.55853271484375,-2.989213705062866
2021-10-03T00:00:00.000Z,-34.97323989868164,6.851551055908203,-13.44786150848301,10.374493997341338,1395,0,-9.837251663208008,-29.312318801879883,-2.2624542713165283
2021-10-04T00:00:00.000Z,-40.70633316040039,2.191257953643799,-14.44905030147628,9.08007916772203,1395,0,-10.544798851013184,-28.142988204956055,-5.886321544647217
2021-10-10T00:00:00.000Z,-30.200685501098633,2.2272465229034424,-13.46222979268292,7.092820240008951,1395,0,-11.012167930603027,-24.77866554260254,-5.954745769500732
2021-10-15T00:00:00.000Z,-28.264842987060547,8.259515762329102,-12.221779471593074,8.36954417142284,1395,0,-10.164676666259766,-24.71174430847168,-2.0455362796783447
2021-10-16T00:00:00.000Z,-32.06985855102539,2.9967727661132812,-13.302113310731041,7.24651604496393,1395,0,-10.601831436157227,-25.434072494506836,-5.913578033447266
2021-10-22T00:00:00.000Z,-28.765989303588867,0.4614942967891693,-13.208785405445107,6.720944970940914,1395,0,-10.9219970703125,-23.500646591186523,-5.867676258087158
2021-10-27T00:00:00.000Z,-22.45092010498047,7.59190034866333,-10.143513341131891,5.9300449970942495,1395,0,-10.06640911102295,-17.05581283569336,-1.5991015434265137
2021-11-03T00:00:00.000Z,-34.55589294433594,3.428891897201538,-13.985249967889137,7.962202829690116,1395,0,-10.936762809753418,-26.2252140045166,-5.982089042663574
2021-11-08T00:00:00.000Z,-29.167566299438477,21.769739151000977,-12.029971308138304,8.201059895242667,1395,0,-10.232236862182617,-23.575668334960938,-2.405667781829834
2021-11-09T00:00:00.000Z,-30.52397918701172,0.25443893671035767,-13.46045843609559,6.882828585289345,1395,0,-10.991497993469238,-23.874557495117188,-6.190982341766357
2021-11-20T00:00:00.000Z,-23.643774032592773,9.175853729248047,-10.987476437413338,6.57849497581948,1395,0,-10.230981826782227,-19.310888290405273,-2.6263723373413086
2021-11-21T00:00:00.000Z,-29.659955978393555,1.6806573867797852,-13.661234185388007,7.298596993541553,1395,0,-10.852235794067383,-24.926795959472656,-6.066560745239258
2021-11-27T00:00:00.000Z,-42.6966552734375,1.9970271587371826,-14.446459398346548,8.990887973209619,1395,0,-10.628100395202637,-28.240779876708984,-5.722663402557373
2021-12-02T00:00:00.000Z,-27.812061309814453,9.305839538574219,-12.10368128507783,8.28808166963979,1395,0,-10.06173324584961,-24.338603973388672,-2.741877317428589
2021-12-03T00:00:00.000Z,-25.217884063720703,2.529935836791992,-12.829670556712617,6.182552830060874,1395,0,-10.973616600036621,-22.216312408447266,-6.050009250640869
2021-12-09T00:00:00.000Z,-30.67930030822754,2.89485502243042,-12.780771834227686,7.7756318253810015,1395,0,-9.800416946411133,-24.523073196411133,-4.890556812286377
2021-12-14T00:00:00.000Z,-27.873987197875977,8.192410469055176,-12.531024448679753,8.705687706774933,1395,0,-10.236204147338867,-25.382797241210938,-2.311161518096924
2021-12-15T00:00:00.000Z,-24.813600540161133,3.0196073055267334,-11.246729831413544,6.198680225897154,1395,0,-9.39715576171875,-20.380537033081055,-4.435292720794678
2021-12-27T00:00:00.000Z,-28.49248695373535,2.2638583183288574,-11.989928918881974,7.076374087712909,1395,0,-9.57992935180664,-22.533395767211914,-4.710499286651611
2022-01-08T00:00:00.000Z,-38.159767150878906,0.8193262219429016,-13.513587659720235,8.27735765521959,1395,0,-10.261881828308105,-26.117839813232422,-5.399880409240723
2022-01-20T00:00:00.000Z,-33.30807113647461,-0.45171064138412476,-14.162078401862935,8.16324004221724,1395,0,-10.78250503540039,-27.15033721923828,-6.128687381744385
2022-02-01T00:00:00.000Z,-26.59095573425293,0.5344097018241882,-12.940430563859167,6.25794658751148,1395,0,-10.909586906433105,-22.099010467529297,-6.09627103805542
2022-02-13T00:00:00.000Z,-31.621219635009766,0.36899352073669434,-13.39442097043159,7.5619144481035745,1395,0,-10.378670692443848,-26.29866600036621,-5.982585430145264
2022-02-25T00:00:00.000Z,-29.056917190551758,0.8233636021614075,-12.923242797838737,7.281580749751871,1395,0,-10.357428550720215,-24.411746978759766,-5.426525115966797
2022-03-09T00:00:00.000Z,-34.39650344848633,8.277223587036133,-14.07448418454455,8.442030074721393,1395,0,-10.682268142700195,-27.434389114379883,-5.782358646392822
2022-03-21T00:00:00.000Z,-28.083892822265625,5.72907018661499,-12.492273686329527,7.133688892495638,1395,0,-9.896434783935547,-23.634281158447266,-5.300821781158447
2022-04-02T00:00:00.000Z,-34.118038177490234,2.2585110664367676,-14.076961418753985,8.87149734435438,1395,0,-10.148591995239258,-27.88589859008789,-5.655938625335693
2022-04-14T00:00:00.000Z,-30.732070922851562,0.861494779586792,-13.567779941787403,7.478039985143231,1395,0,-10.795165061950684,-25.54776382446289,-5.926764488220215
2022-04-26T00:00:00.000Z,-29.430330276489258,2.0318715572357178,-13.553634690212965,7.659143986071573,1395,0,-10.44558334350586,-25.936683654785156,-5.909878730773926
2022-05-08T00:00:00.000Z,-23.607175827026367,2.9517266750335693,-12.259628393062417,5.82364505728978,1395,0,-10.584819793701172,-20.872270584106445,-5.556340217590332
2022-05-20T00:00:00.000Z,-21.83371925354004,3.6241490840911865,-12.236601615929471,5.618620622419785,1395,0,-10.674565315246582,-20.31830406188965,-5.654472351074219
2022-06-01T00:00:00.000Z,-37.199710845947266,2.1675806045532227,-14.074837537584873,8.5067637794731,1395,0,-10.56983470916748,-27.118091583251953,-5.833765983581543
2022-06-13T00:00:00.000Z,-35.237735748291016,16.959272384643555,-13.663843019277287,7.957359607577672,1395,0,-10.565317153930664,-25.703397750854492,-5.828279972076416
2022-06-25T00:00:00.000Z,-35.252193450927734,2.3684325218200684,-14.360786366227702,8.778283474710788,1395,0,-10.517072677612305,-27.884838104248047,-5.96237850189209
2022-07-07T00:00:00.000Z,-25.960771560668945,8.43775749206543,-12.361951516285592,6.061852009873896,1395,0,-10.62153434753418,-21.02718734741211,-5.850093841552734
2022-07-19T00:00:00.000Z,-33.58854293823242,4.19353723526001,-13.875321500959345,8.324012228094393,1395,0,-10.394434928894043,-27.001638412475586,-5.707033634185791
2022-07-31T00:00:00.000Z,-34.662784576416016,20.426942825317383,-13.750060228079462,8.321707010458386,1395,0,-10.432119369506836,-26.81913948059082,-5.493780136108398
2022-08-12T00:00:00.000Z,-36.823387145996094,4.729438304901123,-13.826041689794177,7.891767901711913,1395,0,-10.765856742858887,-25.7232666015625,-5.895730972290039
2022-08-24T00:00:00.000Z,-36.93464660644531,3.48111629486084,-14.056543575553052,8.469182508227044,1395,0,-10.667586326599121,-27.06955337524414,-5.7483439445495605
2022-09-05T00:00:00.000Z,-33.06526565551758,6.4170098304748535,-13.929343120028737,8.230165513727634,1395,0,-10.615104675292969,-26.653440475463867,-5.839693546295166
2022-09-17T00:00:00.000Z,-35.34111404418945,3.487539529800415,-14.186544293571087,8.164175976355851,1395,0,-11.02748966217041,-26.803985595703125,-5.910555362701416
2022-09-29T00:00:00.000Z,-31.587541580200195,2.2874715328216553,-13.753190909918949,7.867420644488226,1395,0,-10.66966438293457,-26.027482986450195,-5.725074768066406
2022-10-11T00:00:00.000Z,-38.806095123291016,5.614629745483398,-14.587572020762288,8.849577562482859,1395,0,-10.903244972229004,-28.034984588623047,-6.009092330932617
2022-10-23T00:00:00.000Z,-21.449722290039062,7.4124369621276855,-9.59399365202849,5.163781813909888,1395,0,-8.332398414611816,-16.730478286743164,-3.728410005569458
2022-11-04T00:00:00.000Z,-30.2126407623291,2.5600295066833496,-13.406630662863403,7.120435674361294,1395,0,-10.967517852783203,-24.428443908691406,-5.818861484527588
2022-11-16T00:00:00.000Z,-25.86117935180664,3.643734931945801,-11.449657300504878,4.839480345776463,1395,0,-10.791426658630371,-18.951871871948242,-5.864156246185303
2022-11-28T00:00:00.000Z,-27.666324615478516,2.7857108116149902,-13.105380991176014,6.410192001531357,1395,0,-11.095033645629883,-22.492656707763672,-5.8629279136657715
2022-12-10T00:00:00.000Z,-32.925537109375,3.153503179550171,-14.133551463522991,7.771006977143151,1395,0,-11.246204376220703,-26.162870407104492,-6.062407970428467
2022-12-22T00:00:00.000Z,-31.957889556884766,1.4274284839630127,-14.090077451971725,8.090899837460675,1395,0,-10.884703636169434,-26.994661331176758,-5.942067623138428
2023-01-03T00:00:00.000Z,-24.971914291381836,3.6334872245788574,-10.793456751727689,6.06362510900249,1395,0,-9.053635597229004,-19.666563034057617,-4.2480340003967285
2023-01-15T00:00:00.000Z,-24.13842010498047,3.229438304901123,-11.005938128518162,7.075816684727207,1395,0,-8.58199405670166,-21.654640197753906,-3.484739065170288
2023-01-27T00:00:00.000Z,-28.665185928344727,3.2605202198028564,-12.887924834925652,6.825406412215728,1395,0,-10.471869468688965,-22.955745697021484,-5.630129814147949
2023-02-08T00:00:00.000Z,-33.37205505371094,0.6605221033096313,-13.944128706789556,8.447349349881815,1395,0,-10.4702787399292,-27.420122146606445,-5.760301113128662
2023-02-20T00:00:00.000Z,-40.44902420043945,3.0696635246276855,-14.26042736257062,8.955091492038255,1395,0,-10.43595027923584,-27.977258682250977,-5.784494400024414
2023-03-04T00:00:00.000Z,-29.424785614013672,4.422312259674072,-12.675447368868154,7.2375335279268596,1395,0,-9.934739112854004,-23.503787994384766,-5.2547526359558105
2023-03-16T00:00:00.000Z,-26.85285186767578,4.921132564544678,-11.199446854358513,7.336045190938528,1395,0,-8.280404090881348,-22.369863510131836,-3.9048964977264404
2023-04-09T00:00:00.000Z,-38.31161880493164,2.7335903644561768,-14.155644290549787,8.802591626424418,1395,0,-10.363226890563965,-27.707387924194336,-5.841702461242676
2023-04-21T00:00:00.000Z,-38.19234085083008,4.986618995666504,-14.158425699735204,9.044371887197572,1395,0,-10.1519775390625,-28.378087997436523,-5.864689350128174
2023-05-03T00:00:00.000Z,-34.02232360839844,7.182211399078369,-13.913524639371477,8.039407506322089,1395,0,-10.674460411071777,-26.1588191986084,-5.8781819343566895
2023-05-15T00:00:00.000Z,-37.07114028930664,10.244369506835938,-13.822218646109095,8.4018864320455,1395,0,-10.303606033325195,-26.529006958007812,-5.720724582672119
2023-05-27T00:00:00.000Z,-25.931982040405273,5.909394264221191,-12.024155446246104,5.815782160253309,1395,0,-10.368340492248535,-20.887216567993164,-5.506712913513184
2023-06-08T00:00:00.000Z,-30.723342895507812,10.31253433227539,-13.492496357297394,7.537934450349642,1395,0,-10.51388931274414,-25.197471618652344,-5.892204284667969
2023-06-20T00:00:00.000Z,-33.16179656982422,2.2168562412261963,-13.777697926095438,7.78639262389779,1395,0,-10.689400672912598,-25.85041046142578,-5.909165382385254
2023-07-02T00:00:00.000Z,-46.344017028808594,5.093142509460449,-14.430481657295026,9.113532336861702,1395,0,-10.498607635498047,-28.424650192260742,-5.698685169219971
2023-07-14T00:00:00.000Z,-28.781766891479492,2.822537422180176,-12.634021171211758,6.49929931304317,1395,0,-10.46564769744873,-22.179636001586914,-5.755209922790527
2023-07-26T00:00:00.000Z,-49.514488220214844,4.965022563934326,-14.483406410598619,9.254725699503107,1395,0,-10.392193794250488,-28.650066375732422,-5.703451156616211
2023-08-07T00:00:00.000Z,-39.407249450683594,4.582202911376953,-14.701474316573051,9.45348198870904,1395,0,-10.48824691772461,-29.353328704833984,-5.807322025299072
2023-08-31T00:00:00.000Z,-30.574634552001953,7.010125160217285,-13.883009679706298,8.13922428104955,1395,0,-10.439456939697266,-26.566631317138672,-5.776810169219971
2023-09-05T00:00:00.000Z,-19.553733825683594,7.365370750427246,-10.44843187078861,6.2300296677540485,1395,0,-9.748089790344238,-18.427566528320312,-2.0683557987213135
2023-09-12T00:00:00.000Z,-26.451936721801758,3.87626051902771,-12.968790078253953,6.874895419455827,1395,0,-10.424519538879395,-23.66543960571289,-5.8298821449279785
2023-09-24T00:00:00.000Z,-44.05853271484375,2.06735897064209,-14.437927787385116,8.841008453958294,1395,0,-10.603448867797852,-28.497316360473633,-5.946533203125
2023-10-06T00:00:00.000Z,-44.38658142089844,5.11189079284668,-14.57818147740911,9.176087919194229,1395,0,-10.489773750305176,-28.59107208251953,-5.9814043045043945
2023-10-18T00:00:00.000Z,-37.3982048034668,3.189440965652466,-14.49871380782043,8.969551960331778,1395,0,-10.601317405700684,-28.54120445251465,-5.882325172424316
2023-10-30T00:00:00.000Z,-28.970134735107422,7.807577133178711,-13.224712231755245,7.09665034411224,1395,0,-10.595200538635254,-24.474945068359375,-5.782626628875732
2023-11-11T00:00:00.000Z,-38.10426330566406,3.3314430713653564,-14.060179799688301,8.433997464990233,1395,0,-10.653511047363281,-26.24069595336914,-5.939948081970215
2023-11-23T00:00:00.000Z,-30.224905014038086,1.482865333557129,-13.424217042529888,7.128757319091583,1395,0,-10.842462539672852,-24.473697662353516,-5.8112921714782715
2023-12-05T00:00:00.000Z,-54.20748519897461,4.986375331878662,-14.128942338775161,8.821197697873322,1395,0,-10.430025100708008,-27.756996154785156,-5.537766456604004
2023-12-17T00:00:00.000Z,-34.646175384521484,4.5884222984313965,-14.01616558685738,8.157250613477185,1395,0,-10.734308242797852,-27.03939437866211,-5.772714138031006
2023-12-29T00:00:00.000Z,-36.04692840576172,3.7338976860046387,-13.922694410859016,8.075462071595103,1395,0,-10.84762191772461,-26.22810173034668,-5.809143543243408
2024-01-10T00:00:00.000Z,-28.122217178344727,4.424413204193115,-12.828916857682675,6.473025900126777,1395,0,-11.006851196289062,-22.537796020507812,-5.666823387145996
2024-01-22T00:00:00.000Z,-27.503902435302734,3.9777870178222656,-11.991563363544193,7.05709754127369,1395,0,-9.592621803283691,-22.334400177001953,-4.625811576843262
2024-02-03T00:00:00.000Z,-27.463491439819336,5.496323585510254,-11.670310489128356,6.904420797726829,1395,0,-9.384744644165039,-22.0281925201416,-4.541999340057373
2024-02-15T00:00:00.000Z,-26.83640480041504,3.0578041076660156,-12.697379557975324,6.889268165139771,1395,0,-10.210224151611328,-23.373207092285156,-5.5974345207214355
2024-02-27T00:00:00.000Z,-29.934612274169922,7.43979024887085,-13.08354437434201,7.496008117936216,1395,0,-10.3099946975708,-24.675981521606445,-5.38057279586792
2024-03-10T00:00:00.000Z,-28.796056747436523,3.190101146697998,-12.567037738129963,6.9221225064757865,1395,0,-10.0984468460083,-23.290180206298828,-5.298319339752197
2024-03-22T00:00:00.000Z,-29.693828582763672,1.9764512777328491,-13.444948630360713,7.535879288335832,1395,0,-10.431644439697266,-25.439882278442383,-5.8653459548950195
2024-04-03T00:00:00.000Z,-35.97791290283203,3.4023149013519287,-13.193823424622584,8.346666740625617,1395,0,-9.719551086425781,-26.30905532836914,-5.138436794281006
2024-04-15T00:00:00.000Z,-28.77928924560547,2.1542463302612305,-12.95130028384453,6.874881049618231,1395,0,-10.48363208770752,-23.464265823364258,-5.7005534172058105
2024-04-27T00:00:00.000Z,-29.342679977416992,2.369163990020752,-12.871614819332462,7.750382506445197,1395,0,-9.761679649353027,-25.625898361206055,-5.3146514892578125
2024-05-09T00:00:00.000Z,-23.401430130004883,3.189913272857666,-12.441896187746387,6.176137911493927,1395,0,-10.43435287475586,-21.82247543334961,-5.824475288391113
2024-05-21T00:00:00.000Z,-26.342071533203125,2.662031888961792,-12.656124032774798,6.383454995446904,1395,0,-10.55428695678711,-22.229360580444336,-5.7893171310424805
2024-06-02T00:00:00.000Z,-27.992921829223633,3.635857343673706,-12.90971242126651,7.013024401469318,1395,0,-10.390079498291016,-23.41623306274414,-5.613234996795654
2024-06-14T00:00:00.000Z,-37.38288497924805,3.2932348251342773,-14.168211535772993,8.745242183993847,1395,0,-10.49880599975586,-27.885562896728516,-5.698830604553223
2024-06-26T00:00:00.000Z,-35.015716552734375,15.63399887084961,-14.024779585206801,8.655779730901454,1395,0,-10.439230918884277,-27.813589096069336,-5.649076461791992
2024-07-20T00:00:00.000Z,-37.21718215942383,3.6635801792144775,-14.246110239122915,8.87164918383204,1395,0,-10.457587242126465,-28.12355613708496,-5.662359237670898
2024-08-01T00:00:00.000Z,-29.712404251098633,2.6689860820770264,-13.262537054461182,7.306608799209576,1395,0,-10.578490257263184,-24.75185203552246,-5.746265411376953
2024-08-13T00:00:00.000Z,-47.905784606933594,10.049158096313477,-14.2118902372203,8.801761096161162,1395,0,-10.627052307128906,-27.44772720336914,-5.740989685058594
2024-08-25T00:00:00.000Z,-32.97468566894531,2.351553201675415,-13.806448275011062,7.8904261332262395,1395,0,-10.809757232666016,-26.45254135131836,-5.74996280670166
2024-09-06T00:00:00.000Z,-37.397621154785156,2.6319870948791504,-14.559893422784777,9.35208782982812,1395,0,-10.383021354675293,-29.406702041625977,-5.755373954772949
2024-09-18T00:00:00.000Z,-26.958724975585938,4.2194437980651855,-12.681236323233582,6.285630106075826,1395,0,-10.80695915222168,-21.926258087158203,-5.6883440017700195
2024-09-30T00:00:00.000Z,-34.6162223815918,3.4600331783294678,-13.906601495725718,8.205470745116358,1395,0,-10.62562370300293,-26.730623245239258,-5.890625953674316